Nome,Posição,Naturalidade,Clube,Idade
Robert Sánchez,Goleiro,Spain,Chelsea FC,25
Djordje Petrovic,Goleiro,Serbia,Chelsea FC,24
Marcus Bettinelli,Goleiro,England,Chelsea FC,31
Lucas Bergström,Goleiro,Finland,Chelsea FC,21
Levi Colwill,Zagueiro,England,Chelsea FC,20
Axel Disasi,Zagueiro,France,Chelsea FC,25
Benoît Badiashile,Zagueiro,France,Chelsea FC,22
Wesley Fofana,Zagueiro,France,Chelsea FC,22
Trevoh Chalobah,Zagueiro,England,Chelsea FC,24
Malang Sarr,Zagueiro,France,Chelsea FC,24
Thiago Silva,Zagueiro,Brazil,Chelsea FC,39
Ben Chilwell,Lateral esquerdo,England,Chelsea FC,26
Marc Cucurella,Lateral esquerdo,Spain,Chelsea FC,25
Ian Maatsen,Lateral esquerdo,Netherlands,Chelsea FC,21
Reece James,Lateral direito,England,Chelsea FC,23
Malo Gusto,Lateral direito,France,Chelsea FC,20
Moisés Caicedo,Volante,Ecuador,Chelsea FC,21
Roméo Lavia,Volante,Belgium,Chelsea FC,19
Lesley Ugochukwu,Volante,France,Chelsea FC,19
Enzo Fernández,Meia,Argentina,Chelsea FC,22
Conor Gallagher,Meia,England,Chelsea FC,23
Carney Chukwuemeka,Meia,England,Chelsea FC,20
Christopher Nkunku,Meia atacante,France,Chelsea FC,25
Cole Palmer,Meia atacante,England,Chelsea FC,21
Raheem Sterling,Meia esquerdo,England,Chelsea FC,28
Mykhaylo Mudryk,Meia esquerdo,Ukraine,Chelsea FC,22
Noni Madueke,Meia direito,England,Chelsea FC,21
Nicolas Jackson,Centroavante,Senegal,Chelsea FC,22
Armando Broja,Centroavante,Albania,Chelsea FC,22
Deivid Washington,Centroavante,Brazil,Chelsea FC,18
Ederson,Goleiro,Brazil,Manchester City,30
Stefan Ortega,Goleiro,Germany,Manchester City,30
Zack Steffen,Goleiro,United States,Manchester City,28
Scott Carson,Goleiro,England,Manchester City,38
Rúben Dias,Zagueiro,Portugal,Manchester City,26
Josko Gvardiol,Zagueiro,Croatia,Manchester City,21
Nathan Aké,Zagueiro,Netherlands,Manchester City,28
John Stones,Zagueiro,England,Manchester City,29
Manuel Akanji,Zagueiro,Switzerland,Manchester City,28
Sergio Gómez,Lateral esquerdo,Spain,Manchester City,23
Rico Lewis,Lateral direito,England,Manchester City,18
Kyle Walker,Lateral direito,England,Manchester City,33
Rodri,Volante,Spain,Manchester City,27
Kalvin Phillips,Volante,England,Manchester City,27
Matheus Nunes,Meia,Portugal,Manchester City,25
Mateo Kovacic,Meia,Croatia,Manchester City,29
Bernardo Silva,Meia atacante,Portugal,Manchester City,29
Kevin De Bruyne,Meia atacante,Belgium,Manchester City,32
Phil Foden,Meia esquerdo,England,Manchester City,23
Jack Grealish,Meia esquerdo,England,Manchester City,28
Jérémy Doku,Meia direito,Belgium,Manchester City,21
Oscar Bobb,Meia direito,Norway,Manchester City,20
Erling Haaland,Centroavante,Norway,Manchester City,23
Julián Álvarez,Centroavante,Argentina,Manchester City,23
Aaron Ramsdale,Goleiro,England,Arsenal FC,25
David Raya,Goleiro,Spain,Arsenal FC,28
Karl Hein,Goleiro,Estonia,Arsenal FC,21
William Saliba,Zagueiro,France,Arsenal FC,22
Gabriel Magalhães,Zagueiro,Brazil,Arsenal FC,25
Jurrien Timber,Zagueiro,Netherlands,Arsenal FC,22
Jakub Kiwior,Zagueiro,Poland,Arsenal FC,23
Oleksandr Zinchenko,Lateral esquerdo,Ukraine,Arsenal FC,26
Ben White,Lateral direito,England,Arsenal FC,26
Takehiro Tomiyasu,Lateral direito,Japan,Arsenal FC,24
Cédric Soares,Lateral direito,Portugal,Arsenal FC,32
Declan Rice,Volante,England,Arsenal FC,24
Thomas Partey,Volante,Ghana,Arsenal FC,30
Jorginho,Volante,Italy,Arsenal FC,31
Mohamed Elneny,Volante,Egypt,Arsenal FC,31
Martin Ødegaard,Meia atacante,Norway,Arsenal FC,24
Kai Havertz,Meia atacante,Germany,Arsenal FC,24
Emile Smith Rowe,Meia atacante,England,Arsenal FC,23
Fábio Vieira,Meia atacante,Portugal,Arsenal FC,23
Gabriel Martinelli,Meia esquerdo,Brazil,Arsenal FC,22
Leandro Trossard,Meia esquerdo,Belgium,Arsenal FC,28
Bukayo Saka,Meia direito,England,Arsenal FC,22
Reiss Nelson,Meia direito,England,Arsenal FC,23
Gabriel Jesus,Centroavante,Brazil,Arsenal FC,26
Eddie Nketiah,Centroavante,England,Arsenal FC,24
Alisson,Goleiro,Brazil,Liverpool FC,31
Caoimhín Kelleher,Goleiro,Ireland,Liverpool FC,24
Adrián,Goleiro,Spain,Liverpool FC,36
Ibrahima Konaté,Zagueiro,France,Liverpool FC,24
Virgil van Dijk,Zagueiro,Netherlands,Liverpool FC,32
Joe Gomez,Zagueiro,England,Liverpool FC,26
Joel Matip,Zagueiro,Cameroon,Liverpool FC,32
Jarell Quansah,Zagueiro,England,Liverpool FC,20
Andrew Robertson,Lateral esquerdo,Scotland,Liverpool FC,29
Konstantinos Tsimikas,Lateral esquerdo,Greece,Liverpool FC,27
Trent Alexander-Arnold,Lateral direito,England,Liverpool FC,25
Conor Bradley,Lateral direito,Northern Ireland,Liverpool FC,20
Wataru Endo,Volante,Japan,Liverpool FC,30
Stefan Bajcetic,Volante,Spain,Liverpool FC,18
Dominik Szoboszlai,Meia,Hungary,Liverpool FC,22
Alexis Mac Allister,Meia,Argentina,Liverpool FC,24
Ryan Gravenberch,Meia,Netherlands,Liverpool FC,21
Curtis Jones,Meia,England,Liverpool FC,22
Thiago,Meia,Spain,Liverpool FC,32
Harvey Elliott,Meia atacante,England,Liverpool FC,20
Luis Díaz,Meia esquerdo,Colombia,Liverpool FC,26
Cody Gakpo,Meia esquerdo,Netherlands,Liverpool FC,24
Diogo Jota,Meia esquerdo,Portugal,Liverpool FC,26
Mohamed Salah,Meia direito,Egypt,Liverpool FC,31
Ben Doak,Meia direito,Scotland,Liverpool FC,17
Darwin Núñez,Centroavante,Uruguay,Liverpool FC,24
André Onana,Goleiro,Cameroon,Manchester United,27
Altay Bayındır,Goleiro,Turkey,Manchester United,25
Tom Heaton,Goleiro,England,Manchester United,37
Lisandro Martínez,Zagueiro,Argentina,Manchester United,25
Raphaël Varane,Zagueiro,France,Manchester United,30
Harry Maguire,Zagueiro,England,Manchester United,30
Victor Lindelöf,Zagueiro,Sweden,Manchester United,29
Jonny Evans,Zagueiro,Northern Ireland,Manchester United,35
Luke Shaw,Lateral esquerdo,England,Manchester United,28
Tyrell Malacia,Lateral esquerdo,Netherlands,Manchester United,24
Sergio Reguilón,Lateral esquerdo,Spain,Manchester United,26
Diogo Dalot,Lateral direito,Portugal,Manchester United,24
Aaron Wan-Bissaka,Lateral direito,England,Manchester United,25
Casemiro,Volante,Brazil,Manchester United,31
Sofyan Amrabat,Volante,Morocco,Manchester United,27
Scott McTominay,Volante,Scotland,Manchester United,26
Donny van de Beek,Meia,Netherlands,Manchester United,26
Kobbie Mainoo,Meia,England,Manchester United,18
Bruno Fernandes,Meia atacante,Portugal,Manchester United,29
Mason Mount,Meia atacante,England,Manchester United,24
Christian Eriksen,Meia atacante,Denmark,Manchester United,31
Hannibal,Meia atacante,Tunisia,Manchester United,20
Shola Shoretire,Meia atacante,England,Manchester United,19
Marcus Rashford,Meia esquerdo,England,Manchester United,25
Jadon Sancho,Meia esquerdo,England,Manchester United,23
Alejandro Garnacho,Meia esquerdo,Argentina,Manchester United,19
Antony,Meia direito,Brazil,Manchester United,23
Amad Diallo,Meia direito,Cote d'Ivoire,Manchester United,21
Facundo Pellistri,Meia direito,Uruguay,Manchester United,21
Rasmus Højlund,Centroavante,Denmark,Manchester United,20
Anthony Martial,Centroavante,France,Manchester United,27
Thibaut Courtois,Goleiro,Belgium,Real Madrid,31
Kepa Arrizabalaga,Goleiro,Spain,Real Madrid,29
Andriy Lunin,Goleiro,Ukraine,Real Madrid,24
Éder Militão,Zagueiro,Brazil,Real Madrid,25
David Alaba,Zagueiro,Austria,Real Madrid,31
Antonio Rüdiger,Zagueiro,Germany,Real Madrid,30
Nacho Fernández,Zagueiro,Spain,Real Madrid,33
Ferland Mendy,Lateral esquerdo,France,Real Madrid,28
Fran García,Lateral esquerdo,Spain,Real Madrid,24
Daniel Carvajal,Lateral direito,Spain,Real Madrid,31
Lucas Vázquez,Lateral direito,Spain,Real Madrid,32
Aurélien Tchouaméni,Volante,France,Real Madrid,23
Jude Bellingham,Meia,England,Real Madrid,20
Federico Valverde,Meia,Uruguay,Real Madrid,25
Eduardo Camavinga,Meia,France,Real Madrid,20
Toni Kroos,Meia,Germany,Real Madrid,33
Dani Ceballos,Meia,Spain,Real Madrid,27
Luka Modric,Meia,Croatia,Real Madrid,38
Brahim Díaz,Meia atacante,Spain,Real Madrid,24
Arda Güler,Meia atacante,Turkey,Real Madrid,18
Vinicius Junior,Meia esquerdo,Brazil,Real Madrid,23
Rodrygo,Meia direito,Brazil,Real Madrid,22
Joselu,Centroavante,Spain,Real Madrid,33
Marc-André ter Stegen,Goleiro,Germany,FC Barcelona,31
Iñaki Peña,Goleiro,Spain,FC Barcelona,24
Ronald Araújo,Zagueiro,Uruguay,FC Barcelona,24
Jules Koundé,Zagueiro,France,FC Barcelona,24
Andreas Christensen,Zagueiro,Denmark,FC Barcelona,27
Iñigo Martínez,Zagueiro,Spain,FC Barcelona,32
Alejandro Balde,Lateral esquerdo,Spain,FC Barcelona,20
Marcos Alonso,Lateral esquerdo,Spain,FC Barcelona,32
João Cancelo,Lateral direito,Portugal,FC Barcelona,29
Sergi Roberto,Lateral direito,Spain,FC Barcelona,31
Oriol Romeu,Volante,Spain,FC Barcelona,32
Pedri,Meia,Spain,FC Barcelona,20
Gavi,Meia,Spain,FC Barcelona,19
Frenkie de Jong,Meia,Netherlands,FC Barcelona,26
İlkay Gündoğan,Meia,Germany,FC Barcelona,32
Fermín López,Meia,Spain,FC Barcelona,20
João Félix,Meia esquerdo,Portugal,FC Barcelona,23
Raphinha,Meia direito,Brazil,FC Barcelona,26
Lamine Yamal,Meia direito,Spain,FC Barcelona,16
Ferran Torres,Meia direito,Spain,FC Barcelona,23
Robert Lewandowski,Centroavante,Poland,FC Barcelona,35
Álex Remiro,Goleiro,Spain,Real Sociedad,28
Unai Marrero,Goleiro,Spain,Real Sociedad,22
Robin Le Normand,Zagueiro,Spain,Real Sociedad,26
Igor Zubeldia,Zagueiro,Spain,Real Sociedad,26
Aritz Elustondo,Zagueiro,Spain,Real Sociedad,29
Jon Pacheco,Zagueiro,Spain,Real Sociedad,22
Kieran Tierney,Lateral esquerdo,Scotland,Real Sociedad,26
Aihen Muñoz,Lateral esquerdo,Spain,Real Sociedad,26
Hamari Traoré,Lateral direito,Mali,Real Sociedad,31
Álvaro Odriozola,Lateral direito,Spain,Real Sociedad,27
Martín Zubimendi,Volante,Spain,Real Sociedad,24
Urko González de Zarate,Volante,Spain,Real Sociedad,22
Mikel Merino,Meia,Spain,Real Sociedad,27
Beñat Turrientes,Meia,Spain,Real Sociedad,21
Jon Ander Olasagasti,Meia,Spain,Real Sociedad,23
Brais Méndez,Meia atacante,Spain,Real Sociedad,26
Arsen Zakharyan,Meia atacante,Russia,Real Sociedad,20
Pablo Marín,Meia atacante,Spain,Real Sociedad,20
Mikel Oyarzabal,Meia esquerdo,Spain,Real Sociedad,26
Ander Barrenetxea,Meia esquerdo,Spain,Real Sociedad,21
Martín Merquelanz,Meia esquerdo,Spain,Real Sociedad,28
Takefusa Kubo,Meia direito,Japan,Real Sociedad,22
Umar Sadiq,Centroavante,Nigeria,Real Sociedad,26
André Silva,Centroavante,Portugal,Real Sociedad,27
Mohamed-Ali Cho,Centroavante,France,Real Sociedad,19
Carlos Fernández,Centroavante,Spain,Real Sociedad,27
Unai Simón,Goleiro,Spain,Athletic Bilbao,26
Julen Agirrezabala,Goleiro,Spain,Athletic Bilbao,22
Dani Vivian,Zagueiro,Spain,Athletic Bilbao,24
Yeray Álvarez,Zagueiro,Spain,Athletic Bilbao,28
Aitor Paredes,Zagueiro,Spain,Athletic Bilbao,23
Yuri Berchiche,Lateral esquerdo,Spain,Athletic Bilbao,33
Imanol García de Albéniz,Lateral esquerdo,Spain,Athletic Bilbao,23
Iñigo Lekue,Lateral direito,Spain,Athletic Bilbao,30
Óscar de Marcos,Lateral direito,Spain,Athletic Bilbao,34
Mikel Vesga,Volante,Spain,Athletic Bilbao,30
Peru Nolaskoain,Volante,Spain,Athletic Bilbao,24
Iñigo Ruiz de Galarreta,Meia,Spain,Athletic Bilbao,30
Ander Herrera,Meia,Spain,Athletic Bilbao,34
Dani García,Meia,Spain,Athletic Bilbao,33
Beñat Prados,Meia,Spain,Athletic Bilbao,22
Unai Gómez,Meia,Spain,Athletic Bilbao,20
Oihan Sancet,Meia atacante,Spain,Athletic Bilbao,23
Iker Muniain,Meia atacante,Spain,Athletic Bilbao,30
Álex Berenguer,Meia esquerdo,Spain,Athletic Bilbao,28
Adu Ares,Meia esquerdo,Spain,Athletic Bilbao,22
Nico Williams,Meia direito,Spain,Athletic Bilbao,21
Iñaki Williams,Meia direito,Ghana,Athletic Bilbao,29
Gorka Guruzeta,Centroavante,Spain,Athletic Bilbao,27
Asier Villalibre,Centroavante,Spain,Athletic Bilbao,26
Raúl García,Centroavante,Spain,Athletic Bilbao,37
Rui Silva,Goleiro,Portugal,Real Betis Balompié,29
Claudio Bravo,Goleiro,Chile,Real Betis Balompié,40
Germán Pezzella,Zagueiro,Argentina,Real Betis Balompié,32
Marc Bartra,Zagueiro,Spain,Real Betis Balompié,32
Chadi Riad,Zagueiro,Morocco,Real Betis Balompié,20
Juan Miranda,Lateral esquerdo,Spain,Real Betis Balompié,23
Abner,Lateral esquerdo,Brazil,Real Betis Balompié,23
Héctor Bellerín,Lateral direito,Spain,Real Betis Balompié,28
Youssouf Sabaly,Lateral direito,Senegal,Real Betis Balompié,30
Guido Rodríguez,Volante,Argentina,Real Betis Balompié,29
Marc Roca,Volante,Spain,Real Betis Balompié,26
William Carvalho,Volante,Portugal,Real Betis Balompié,31
Sergi Altimira,Meia,Spain,Real Betis Balompié,22
Andrés Guardado,Meia,Mexico,Real Betis Balompié,37
Nabil Fekir,Meia atacante,France,Real Betis Balompié,30
Rodri Sánchez,Meia atacante,Spain,Real Betis Balompié,23
Isco,Meia atacante,Spain,Real Betis Balompié,31
Abde Ezzalzouli,Meia esquerdo,Morocco,Real Betis Balompié,21
Assane Diao,Meia esquerdo,Spain,Real Betis Balompié,18
Ayoze Pérez,Meia esquerdo,Spain,Real Betis Balompié,30
Luiz Henrique,Meia direito,Brazil,Real Betis Balompié,22
Aitor Ruibal,Meia direito,Spain,Real Betis Balompié,27
Juan Cruz,Meia direito,Spain,Real Betis Balompié,23
Borja Iglesias,Centroavante,Spain,Real Betis Balompié,30
Willian José,Centroavante,Brazil,Real Betis Balompié,31
Manuel Neuer,Goleiro,Germany,Bayern Munich,37
Daniel Peretz,Goleiro,Israel,Bayern Munich,23
Sven Ulreich,Goleiro,Germany,Bayern Munich,35
Tom Hülsmann,Goleiro,Germany,Bayern Munich,19
Matthijs de Ligt,Zagueiro,Netherlands,Bayern Munich,24
Dayot Upamecano,Zagueiro,France,Bayern Munich,24
Min-jae Kim,Zagueiro,"Korea, South",Bayern Munich,26
Tarek Buchmann,Zagueiro,Germany,Bayern Munich,18
Alphonso Davies,Lateral esquerdo,Canada,Bayern Munich,22
Raphaël Guerreiro,Lateral esquerdo,Portugal,Bayern Munich,29
Frans Krätzig,Lateral esquerdo,Germany,Bayern Munich,20
Noussair Mazraoui,Lateral direito,Morocco,Bayern Munich,25
Bouna Sarr,Lateral direito,Senegal,Bayern Munich,31
Joshua Kimmich,Volante,Germany,Bayern Munich,28
Aleksandar Pavlovic,Volante,Germany,Bayern Munich,19
Leon Goretzka,Meia,Germany,Bayern Munich,28
Konrad Laimer,Meia,Austria,Bayern Munich,26
Taichi Fukui,Meia,Japan,Bayern Munich,19
Jamal Musiala,Meia atacante,Germany,Bayern Munich,20
Kingsley Coman,Meia esquerdo,France,Bayern Munich,27
Leroy Sané,Meia direito,Germany,Bayern Munich,27
Serge Gnabry,Meia direito,Germany,Bayern Munich,28
Thomas Müller,Second Striker,Germany,Bayern Munich,34
Harry Kane,Centroavante,England,Bayern Munich,30
Mathys Tel,Centroavante,France,Bayern Munich,18
Eric Maxim Choupo-Moting,Centroavante,Cameroon,Bayern Munich,34
Matej Kovar,Goleiro,Czech Republic,Bayer 04 Leverkusen,23
Lukas Hradecky,Goleiro,Finland,Bayer 04 Leverkusen,33
Niklas Lomb,Goleiro,Germany,Bayer 04 Leverkusen,30
Edmond Tapsoba,Zagueiro,Burkina Faso,Bayer 04 Leverkusen,24
Piero Hincapié,Zagueiro,Ecuador,Bayer 04 Leverkusen,21
Odilon Kossounou,Zagueiro,Cote d'Ivoire,Bayer 04 Leverkusen,22
Jonathan Tah,Zagueiro,Germany,Bayer 04 Leverkusen,27
Madi Monamay,Zagueiro,Belgium,Bayer 04 Leverkusen,17
Alejandro Grimaldo,Lateral esquerdo,Spain,Bayer 04 Leverkusen,28
Jeremie Frimpong,Lateral direito,Netherlands,Bayer 04 Leverkusen,22
Josip Stanisic,Lateral direito,Croatia,Bayer 04 Leverkusen,23
Arthur,Lateral direito,Brazil,Bayer 04 Leverkusen,20
Timothy Fosu-Mensah,Lateral direito,Netherlands,Bayer 04 Leverkusen,25
Granit Xhaka,Volante,Switzerland,Bayer 04 Leverkusen,31
Noah Mbamba,Volante,Belgium,Bayer 04 Leverkusen,18
Exequiel Palacios,Meia,Argentina,Bayer 04 Leverkusen,25
Robert Andrich,Meia,Germany,Bayer 04 Leverkusen,29
Nadiem Amiri,Meia,Germany,Bayer 04 Leverkusen,26
Gustavo Puerta,Meia,Colombia,Bayer 04 Leverkusen,20
Florian Wirtz,Meia atacante,Germany,Bayer 04 Leverkusen,20
Ayman Aourir,Meia atacante,Morocco,Bayer 04 Leverkusen,19
Amine Adli,Meia direito,Morocco,Bayer 04 Leverkusen,23
Nathan Tella,Meia direito,England,Bayer 04 Leverkusen,24
Jonas Hofmann,Meia direito,Germany,Bayer 04 Leverkusen,31
Victor Boniface,Centroavante,Nigeria,Bayer 04 Leverkusen,22
Patrik Schick,Centroavante,Czech Republic,Bayer 04 Leverkusen,27
Adam Hlozek,Centroavante,Czech Republic,Bayer 04 Leverkusen,21
Janis Blaswich,Goleiro,Germany,RB Leipzig,32
Péter Gulácsi,Goleiro,Hungary,RB Leipzig,33
Leopold Zingerle,Goleiro,Germany,RB Leipzig,29
Timo Schlieck,Goleiro,Germany,RB Leipzig,17
Mohamed Simakan,Zagueiro,France,RB Leipzig,23
Castello Lukeba,Zagueiro,France,RB Leipzig,20
El Chadaille Bitshiabu,Zagueiro,France,RB Leipzig,18
Willi Orbán,Zagueiro,Hungary,RB Leipzig,30
Tim Köhler,Zagueiro,Germany,RB Leipzig,18
David Raum,Lateral esquerdo,Germany,RB Leipzig,25
Christopher Lenz,Lateral esquerdo,Germany,RB Leipzig,29
Benjamin Henrichs,Lateral direito,Germany,RB Leipzig,26
Lukas Klostermann,Lateral direito,Germany,RB Leipzig,27
Xaver Schlager,Meia,Austria,RB Leipzig,26
Nicolas Seiwald,Meia,Austria,RB Leipzig,22
Amadou Haidara,Meia,Mali,RB Leipzig,25
Ilaix Moriba,Meia,Guinea,RB Leipzig,20
Kevin Kampl,Meia,Slovenia,RB Leipzig,33
Dani Olmo,Meia atacante,Spain,RB Leipzig,25
Christoph Baumgartner,Meia atacante,Austria,RB Leipzig,24
Fábio Carvalho,Meia atacante,Portugal,RB Leipzig,21
Emil Forsberg,Meia atacante,Sweden,RB Leipzig,31
Xavi Simons,Meia direito,Netherlands,RB Leipzig,20
Loïs Openda,Centroavante,Belgium,RB Leipzig,23
Benjamin Sesko,Centroavante,Slovenia,RB Leipzig,20
Timo Werner,Centroavante,Germany,RB Leipzig,27
Yussuf Poulsen,Centroavante,Denmark,RB Leipzig,29
Gregor Kobel,Goleiro,Switzerland,Borussia Dortmund,25
Marcel Lotka,Goleiro,Germany,Borussia Dortmund,22
Alexander Meyer,Goleiro,Germany,Borussia Dortmund,32
Nico Schlotterbeck,Zagueiro,Germany,Borussia Dortmund,23
Niklas Süle,Zagueiro,Germany,Borussia Dortmund,28
Mats Hummels,Zagueiro,Germany,Borussia Dortmund,34
Antonios Papadopoulos,Zagueiro,Germany,Borussia Dortmund,24
Ramy Bensebaini,Lateral esquerdo,Algeria,Borussia Dortmund,28
Julian Ryerson,Lateral direito,Norway,Borussia Dortmund,25
Marius Wolf,Lateral direito,Germany,Borussia Dortmund,28
Thomas Meunier,Lateral direito,Belgium,Borussia Dortmund,32
Mateu Morey,Lateral direito,Spain,Borussia Dortmund,23
Emre Can,Volante,Germany,Borussia Dortmund,29
Salih Özcan,Volante,Turkey,Borussia Dortmund,25
Abdoulaye Kamara,Volante,France,Borussia Dortmund,18
Felix Nmecha,Meia,Germany,Borussia Dortmund,23
Marcel Sabitzer,Meia,Austria,Borussia Dortmund,29
Ole Pohlmann,Meia,Germany,Borussia Dortmund,22
Julian Brandt,Meia atacante,Germany,Borussia Dortmund,27
Giovanni Reyna,Meia atacante,United States,Borussia Dortmund,20
Marco Reus,Meia atacante,Germany,Borussia Dortmund,34
Karim Adeyemi,Meia esquerdo,Germany,Borussia Dortmund,21
Jamie Bynoe-Gittens,Meia esquerdo,England,Borussia Dortmund,19
Donyell Malen,Meia direito,Netherlands,Borussia Dortmund,24
Julien Duranville,Meia direito,Belgium,Borussia Dortmund,17
Youssoufa Moukoko,Centroavante,Germany,Borussia Dortmund,18
Sébastien Haller,Centroavante,Cote d'Ivoire,Borussia Dortmund,29
Niclas Füllkrug,Centroavante,Germany,Borussia Dortmund,30
Koen Casteels,Goleiro,Belgium,VfL Wolfsburg,31
Pavao Pervan,Goleiro,Austria,VfL Wolfsburg,35
Philipp Schulze,Goleiro,Germany,VfL Wolfsburg,20
Niklas Klinger,Goleiro,Germany,VfL Wolfsburg,28
Maxence Lacroix,Zagueiro,France,VfL Wolfsburg,23
Cédric Zesiger,Zagueiro,Switzerland,VfL Wolfsburg,25
Moritz Jenz,Zagueiro,Germany,VfL Wolfsburg,24
Sebastiaan Bornauw,Zagueiro,Belgium,VfL Wolfsburg,24
Felix Lange,Zagueiro,Germany,VfL Wolfsburg,19
Rogério,Lateral esquerdo,Brazil,VfL Wolfsburg,25
Nicolas Cozza,Lateral esquerdo,France,VfL Wolfsburg,24
Joakim Maehle,Lateral direito,Denmark,VfL Wolfsburg,26
Ridle Baku,Lateral direito,Germany,VfL Wolfsburg,25
Kilian Fischer,Lateral direito,Germany,VfL Wolfsburg,23
Lovro Majer,Meia,Croatia,VfL Wolfsburg,25
Mattias Svanberg,Meia,Sweden,VfL Wolfsburg,24
Maximilian Arnold,Meia,Germany,VfL Wolfsburg,29
Aster Vranckx,Meia,Belgium,VfL Wolfsburg,21
Yannick Gerhardt,Meia,Germany,VfL Wolfsburg,29
Kevin Paredes,Left Midfield,United States,VfL Wolfsburg,20
Jakub Kaminski,Meia esquerdo,Poland,VfL Wolfsburg,21
Ulysses Llanez,Meia esquerdo,United States,VfL Wolfsburg,22
Patrick Wimmer,Meia direito,Austria,VfL Wolfsburg,22
Vaclav Cerny,Meia direito,Czech Republic,VfL Wolfsburg,26
Jonas Wind,Centroavante,Denmark,VfL Wolfsburg,24
Lukas Nmecha,Centroavante,Germany,VfL Wolfsburg,24
Amin Sarr,Centroavante,Sweden,VfL Wolfsburg,22
Tiago Tomás,Centroavante,Portugal,VfL Wolfsburg,21
Dzenan Pejcinovic,Centroavante,Germany,VfL Wolfsburg,18
Alex Meret,Goleiro,Italy,SSC Napoli,26
Pierluigi Gollini,Goleiro,Italy,SSC Napoli,28
Nikita Contini,Goleiro,Italy,SSC Napoli,27
Hubert Idasiak,Goleiro,Poland,SSC Napoli,21
Amir Rrahmani,Zagueiro,Kosovo,SSC Napoli,29
Natan,Zagueiro,Brazil,SSC Napoli,22
Leo Østigård,Zagueiro,Norway,SSC Napoli,23
Juan Jesus,Zagueiro,Brazil,SSC Napoli,32
Mathías Olivera,Lateral esquerdo,Uruguay,SSC Napoli,25
Mário Rui,Lateral esquerdo,Portugal,SSC Napoli,32
Giovanni Di Lorenzo,Lateral direito,Italy,SSC Napoli,30
Alessandro Zanoli,Lateral direito,Italy,SSC Napoli,23
Stanislav Lobotka,Volante,Slovakia,SSC Napoli,28
Diego Demme,Volante,Germany,SSC Napoli,31
Frank Anguissa,Meia,Cameroon,SSC Napoli,27
Piotr Zielinski,Meia,Poland,SSC Napoli,29
Eljif Elmas,Meia,North Macedonia,SSC Napoli,24
Jens Cajuste,Meia,Sweden,SSC Napoli,24
Jesper Lindstrøm,Meia atacante,Denmark,SSC Napoli,23
Gianluca Gaetano,Meia atacante,Italy,SSC Napoli,23
Lorenzo Russo,Meia atacante,Italy,SSC Napoli,18
Khvicha Kvaratskhelia,Meia esquerdo,Georgia,SSC Napoli,22
Alessio Zerbin,Meia esquerdo,Italy,SSC Napoli,24
Matteo Politano,Meia direito,Italy,SSC Napoli,30
Giacomo Raspadori,Second Striker,Italy,SSC Napoli,23
Victor Osimhen,Centroavante,Nigeria,SSC Napoli,24
Giovanni Simeone,Centroavante,Argentina,SSC Napoli,28
Emil Audero,Goleiro,Italy,Inter Milan,26
Yann Sommer,Goleiro,Switzerland,Inter Milan,34
Raffaele Di Gennaro,Goleiro,Italy,Inter Milan,30
Alessandro Bastoni,Zagueiro,Italy,Inter Milan,24
Benjamin Pavard,Zagueiro,France,Inter Milan,27
Stefan de Vrij,Zagueiro,Netherlands,Inter Milan,31
Yann Bisseck,Zagueiro,Germany,Inter Milan,22
Francesco Acerbi,Zagueiro,Italy,Inter Milan,35
Federico Dimarco,Lateral esquerdo,Italy,Inter Milan,25
Matteo Darmian,Lateral direito,Italy,Inter Milan,33
Hakan Çalhanoğlu,Volante,Turkey,Inter Milan,29
Kristjan Asllani,Volante,Albania,Inter Milan,21
Lucien Agoumé,Volante,France,Inter Milan,21
Nicolò Barella,Meia,Italy,Inter Milan,26
Davide Frattesi,Meia,Italy,Inter Milan,24
Davy Klaassen,Meia,Netherlands,Inter Milan,30
Stefano Sensi,Meia,Italy,Inter Milan,28
Henrikh Mkhitaryan,Meia,Armenia,Inter Milan,34
Denzel Dumfries,Right Midfield,Netherlands,Inter Milan,27
Juan Cuadrado,Right Midfield,Colombia,Inter Milan,35
Carlos Augusto,Left Midfield,Brazil,Inter Milan,24
Lautaro Martínez,Centroavante,Argentina,Inter Milan,26
Marcus Thuram,Centroavante,France,Inter Milan,26
Marko Arnautović,Centroavante,Austria,Inter Milan,34
Alexis Sánchez,Centroavante,Chile,Inter Milan,34
Mike Maignan,Goleiro,France,AC Milan,28
Marco Sportiello,Goleiro,Italy,AC Milan,31
Lapo Nava,Goleiro,Italy,AC Milan,19
Antonio Mirante,Goleiro,Italy,AC Milan,40
Fikayo Tomori,Zagueiro,England,AC Milan,25
Malick Thiaw,Zagueiro,Germany,AC Milan,22
Pierre Kalulu,Zagueiro,France,AC Milan,23
Simon Kjaer,Zagueiro,Denmark,AC Milan,34
Marco Pellegrino,Zagueiro,Argentina,AC Milan,21
Mattia Caldara,Zagueiro,Italy,AC Milan,29
Theo Hernández,Lateral esquerdo,France,AC Milan,26
Davide Calabria,Lateral direito,Italy,AC Milan,26
Alessandro Florenzi,Lateral direito,Italy,AC Milan,32
Ismaël Bennacer,Volante,Algeria,AC Milan,25
Rade Krunic,Volante,Bosnia-Herzegovina,AC Milan,30
Ruben Loftus-Cheek,Meia,England,AC Milan,27
Tijjani Reijnders,Meia,Netherlands,AC Milan,25
Yunus Musah,Meia,United States,AC Milan,20
Tommaso Pobega,Meia,Italy,AC Milan,24
Yacine Adli,Meia atacante,France,AC Milan,23
Rafael Leão,Meia esquerdo,Portugal,AC Milan,24
Chaka Traorè,Meia esquerdo,Cote d'Ivoire,AC Milan,18
Christian Pulisic,Meia direito,United States,AC Milan,25
Samuel Chukwueze,Meia direito,Nigeria,AC Milan,24
Luka Romero,Meia direito,Argentina,AC Milan,18
Noah Okafor,Centroavante,Switzerland,AC Milan,23
Luka Jović,Centroavante,Serbia,AC Milan,25
Olivier Giroud,Centroavante,France,AC Milan,37
Wojciech Szczesny,Goleiro,Poland,Juventus FC,33
Mattia Perin,Goleiro,Italy,Juventus FC,30
Carlo Pinsoglio,Goleiro,Italy,Juventus FC,33
Bremer,Zagueiro,Brazil,Juventus FC,26
Danilo,Zagueiro,Brazil,Juventus FC,32
Federico Gatti,Zagueiro,Italy,Juventus FC,25
Daniele Rugani,Zagueiro,Italy,Juventus FC,29
Andrea Cambiaso,Lateral esquerdo,Italy,Juventus FC,23
Alex Sandro,Lateral esquerdo,Brazil,Juventus FC,32
Mattia De Sciglio,Lateral direito,Italy,Juventus FC,31
Manuel Locatelli,Volante,Italy,Juventus FC,25
Adrien Rabiot,Meia,France,Juventus FC,28
Nicolò Fagioli,Meia,Italy,Juventus FC,22
Weston McKennie,Meia,United States,Juventus FC,25
Fabio Miretti,Meia,Italy,Juventus FC,20
Hans Nicolussi Caviglia,Meia,Italy,Juventus FC,23
Paul Pogba,Meia,France,Juventus FC,30
Timothy Weah,Right Midfield,United States,Juventus FC,23
Filip Kostić,Left Midfield,Serbia,Juventus FC,30
Federico Chiesa,Meia esquerdo,Italy,Juventus FC,25
Samuel Iling Junior,Meia esquerdo,England,Juventus FC,20
Dušan Vlahović,Centroavante,Serbia,Juventus FC,23
Moise Kean,Centroavante,Italy,Juventus FC,23
Arkadiusz Milik,Centroavante,Poland,Juventus FC,29
Rui Patrício,Goleiro,Portugal,AS Roma,35
Mile Svilar,Goleiro,Serbia,AS Roma,24
Pietro Boer,Goleiro,Italy,AS Roma,21
Evan Ndicka,Zagueiro,Cote d'Ivoire,AS Roma,24
Gianluca Mancini,Zagueiro,Italy,AS Roma,27
Chris Smalling,Zagueiro,England,AS Roma,33
Diego Llorente,Zagueiro,Spain,AS Roma,30
Marash Kumbulla,Zagueiro,Albania,AS Roma,23
Leonardo Spinazzola,Lateral esquerdo,Italy,AS Roma,30
Rasmus Kristensen,Lateral direito,Denmark,AS Roma,26
Zeki Çelik,Lateral direito,Turkey,AS Roma,26
Rick Karsdorp,Lateral direito,Netherlands,AS Roma,28
Bryan Cristante,Volante,Italy,AS Roma,28
Leandro Paredes,Volante,Argentina,AS Roma,29
Renato Sanches,Meia,Portugal,AS Roma,26
Houssem Aouar,Meia,Algeria,AS Roma,25
Edoardo Bove,Meia,Italy,AS Roma,21
Riccardo Pagano,Meia,Italy,AS Roma,18
Nicola Zalewski,Left Midfield,Poland,AS Roma,21
Lorenzo Pellegrini,Meia atacante,Italy,AS Roma,27
Stephan El Shaarawy,Meia esquerdo,Italy,AS Roma,30
Paulo Dybala,Second Striker,Argentina,AS Roma,29
Romelu Lukaku,Centroavante,Belgium,AS Roma,30
Tammy Abraham,Centroavante,England,AS Roma,26
Sardar Azmoun,Centroavante,Iran,AS Roma,28
Andrea Belotti,Centroavante,Italy,AS Roma,29
Gianluigi Donnarumma,Goleiro,Italy,Paris Saint-Germain,24
Arnau Tenas,Goleiro,Spain,Paris Saint-Germain,22
Keylor Navas,Goleiro,Costa Rica,Paris Saint-Germain,36
Sergio Rico,Goleiro,Spain,Paris Saint-Germain,30
Alexandre Letellier,Goleiro,France,Paris Saint-Germain,32
Marquinhos,Zagueiro,Brazil,Paris Saint-Germain,29
Milan Skriniar,Zagueiro,Slovakia,Paris Saint-Germain,28
Lucas Hernández,Zagueiro,France,Paris Saint-Germain,27
Presnel Kimpembe,Zagueiro,France,Paris Saint-Germain,28
Nuno Mendes,Lateral esquerdo,Portugal,Paris Saint-Germain,21
Layvin Kurzawa,Lateral esquerdo,France,Paris Saint-Germain,31
Achraf Hakimi,Lateral direito,Morocco,Paris Saint-Germain,24
Nordi Mukiele,Lateral direito,France,Paris Saint-Germain,25
Manuel Ugarte,Volante,Uruguay,Paris Saint-Germain,22
Danilo Pereira,Volante,Portugal,Paris Saint-Germain,32
Warren Zaïre-Emery,Meia,France,Paris Saint-Germain,17
Vitinha,Meia,Portugal,Paris Saint-Germain,23
Fabián Ruiz,Meia,Spain,Paris Saint-Germain,27
Carlos Soler,Meia,Spain,Paris Saint-Germain,26
Cher Ndour,Meia,Italy,Paris Saint-Germain,19
Ethan Mbappé,Meia,France,Paris Saint-Germain,16
Kang-in Lee,Meia atacante,"Korea, South",Paris Saint-Germain,22
Marco Asensio,Meia esquerdo,Spain,Paris Saint-Germain,27
Ousmane Dembélé,Meia direito,France,Paris Saint-Germain,26
Bradley Barcola,Meia direito,France,Paris Saint-Germain,21
Kylian Mbappé,Centroavante,France,Paris Saint-Germain,24
Randal Kolo Muani,Centroavante,France,Paris Saint-Germain,24
Gonçalo Ramos,Centroavante,Portugal,Paris Saint-Germain,22
Hugo Ekitiké,Centroavante,France,Paris Saint-Germain,21
Philipp Köhn,Goleiro,Switzerland,AS Monaco,25
Radoslaw Majecki,Goleiro,Poland,AS Monaco,23
Yann Lienard,Goleiro,France,AS Monaco,20
Mohammed Salisu,Zagueiro,Ghana,AS Monaco,24
Guillermo Maripán,Zagueiro,Chile,AS Monaco,29
Soungoutou Magassa,Zagueiro,France,AS Monaco,20
Chrislain Matsima,Zagueiro,France,AS Monaco,21
Yllan Okou,Zagueiro,France,AS Monaco,20
Caio Henrique,Lateral esquerdo,Brazil,AS Monaco,26
Ismail Jakobs,Lateral esquerdo,Senegal,AS Monaco,24
Vanderson,Lateral direito,Brazil,AS Monaco,22
Wilfried Singo,Lateral direito,Cote d'Ivoire,AS Monaco,22
Mohamed Camara,Volante,Mali,AS Monaco,23
Denis Zakaria,Volante,Switzerland,AS Monaco,26
Youssouf Fofana,Meia,France,AS Monaco,24
Eliot Matazo,Meia,Belgium,AS Monaco,21
Edan Diop,Meia,France,AS Monaco,19
Aleksandr Golovin,Meia atacante,Russia,AS Monaco,27
Eliesse Ben Seghir,Meia atacante,France,AS Monaco,18
Maghnes Akliouche,Meia atacante,France,AS Monaco,21
Takumi Minamino,Meia esquerdo,Japan,AS Monaco,28
Krépin Diatta,Meia direito,Senegal,AS Monaco,24
Gelson Martins,Meia direito,Portugal,AS Monaco,28
Folarin Balogun,Centroavante,United States,AS Monaco,22
Breel Embolo,Centroavante,Switzerland,AS Monaco,26
Wissam Ben Yedder,Centroavante,France,AS Monaco,33
Myron Boadu,Centroavante,Netherlands,AS Monaco,22
Gauthier Gallon,Goleiro,France,Stade Rennais FC,30
Steve Mandanda,Goleiro,France,Stade Rennais FC,38
Geoffrey Lembet,Goleiro,Central African Republic,Stade Rennais FC,35
Arthur Theate,Zagueiro,Belgium,Stade Rennais FC,23
Warmed Omari,Zagueiro,France,Stade Rennais FC,23
Jeanuël Belocian,Zagueiro,France,Stade Rennais FC,18
Christopher Wooh,Zagueiro,Cameroon,Stade Rennais FC,22
Mohamed Jaouab,Zagueiro,Morocco,Stade Rennais FC,21
Jérémy Jacquet,Zagueiro,France,Stade Rennais FC,18
Adrien Truffert,Lateral esquerdo,France,Stade Rennais FC,21
Lorenz Assignon,Lateral direito,France,Stade Rennais FC,23
Guéla Doué,Lateral direito,Cote d'Ivoire,Stade Rennais FC,21
Baptiste Santamaria,Volante,France,Stade Rennais FC,28
Nemanja Matic,Volante,Serbia,Stade Rennais FC,35
Benjamin Bourigeaud,Meia,France,Stade Rennais FC,29
Ludovic Blas,Meia atacante,France,Stade Rennais FC,25
Enzo Le Fée,Meia atacante,France,Stade Rennais FC,23
Fabian Rieder,Meia atacante,Switzerland,Stade Rennais FC,21
Désiré Doué,Meia atacante,France,Stade Rennais FC,18
Martin Terrier,Meia esquerdo,France,Stade Rennais FC,26
Ibrahim Salah,Meia esquerdo,Morocco,Stade Rennais FC,22
Amine Gouiri,Centroavante,Algeria,Stade Rennais FC,23
Arnaud Kalimuendo,Centroavante,France,Stade Rennais FC,21
Bertuğ Yıldırım,Centroavante,Turkey,Stade Rennais FC,21
Mathis Lambourde,Centroavante,France,Stade Rennais FC,17
Pau López,Goleiro,Spain,Olympique Marseille,28
Rubén Blanco,Goleiro,Spain,Olympique Marseille,28
Simon Ngapandouetnbu,Goleiro,Cameroon,Olympique Marseille,20
Chancel Mbemba,Zagueiro,DR Congo,Olympique Marseille,29
Samuel Gigot,Zagueiro,France,Olympique Marseille,30
Leonardo Balerdi,Zagueiro,Argentina,Olympique Marseille,24
Bamo Meïté,Zagueiro,Cote d'Ivoire,Olympique Marseille,21
Renan Lodi,Lateral esquerdo,Brazil,Olympique Marseille,25
Jonathan Clauss,Lateral direito,France,Olympique Marseille,31
Amir Murillo,Lateral direito,Panama,Olympique Marseille,27
Geoffrey Kondogbia,Volante,Central African Republic,Olympique Marseille,30
Pape Gueye,Volante,Senegal,Olympique Marseille,24
Valentin Rongier,Meia,France,Olympique Marseille,28
Jordan Veretout,Meia,France,Olympique Marseille,30
Azzedine Ounahi,Meia,Morocco,Olympique Marseille,23
Emran Soglo,Meia,England,Olympique Marseille,18
Bilal Nadir,Meia,France,Olympique Marseille,19
Amine Harit,Meia atacante,Morocco,Olympique Marseille,26
Ismaïla Sarr,Meia direito,Senegal,Olympique Marseille,25
François Mughe,Meia direito,Cameroon,Olympique Marseille,19
Iliman Ndiaye,Second Striker,Senegal,Olympique Marseille,23
Joaquín Correa,Second Striker,Argentina,Olympique Marseille,29
Vitinha,Centroavante,Portugal,Olympique Marseille,23
Pierre-Emerick Aubameyang,Centroavante,Gabon,Olympique Marseille,34
Marcin Bulka,Goleiro,Poland,OGC Nice,24
Salvatore Sirigu,Goleiro,Italy,OGC Nice,36
Teddy Boulhendi,Goleiro,Algeria,OGC Nice,22
Jean-Clair Todibo,Zagueiro,France,OGC Nice,23
Dante,Zagueiro,Brazil,OGC Nice,40
Amidou Doumbouya,Zagueiro,France,OGC Nice,16
Yannis Nahounou,Zagueiro,France,OGC Nice,19
Romain Perraud,Lateral esquerdo,France,OGC Nice,26
Melvin Bard,Lateral esquerdo,France,OGC Nice,22
Ayoub Amraoui,Lateral esquerdo,Morocco,OGC Nice,19
Jordan Lotomba,Lateral direito,Switzerland,OGC Nice,25
Youcef Atal,Lateral direito,Algeria,OGC Nice,27
Antoine Mendy,Lateral direito,France,OGC Nice,19
Youssouf Ndayishimiye,Volante,Burundi,OGC Nice,24
Pablo Rosario,Volante,Netherlands,OGC Nice,26
Alexis Beka Beka,Volante,France,OGC Nice,22
Reda Belahyane,Volante,France,OGC Nice,19
Khéphren Thuram,Meia,France,OGC Nice,22
Hicham Boudaoui,Meia,Algeria,OGC Nice,24
Morgan Sanson,Meia,France,OGC Nice,29
Daouda Traoré,Right Midfield,France,OGC Nice,17
Alexis Claude-Maurice,Meia atacante,France,OGC Nice,25
Sofiane Diop,Meia esquerdo,France,OGC Nice,23
Jérémie Boga,Meia esquerdo,Cote d'Ivoire,OGC Nice,26
Aliou Baldé,Meia esquerdo,Senegal,OGC Nice,20
Badredine Bouanani,Meia direito,Algeria,OGC Nice,18
Terem Moffi,Centroavante,Nigeria,OGC Nice,24
Gaëtan Laborde,Centroavante,France,OGC Nice,29
Evann Guessand,Centroavante,France,OGC Nice,22
Fernando Muslera,Goleiro,Uruguay,Galatasaray,37
Günay Güvenç,Goleiro,Turkey,Galatasaray,32
Jankat Yılmaz,Goleiro,Turkey,Galatasaray,19
Atakan Ordu,Goleiro,Turkey,Galatasaray,18
Victor Nelsson,Zagueiro,Denmark,Galatasaray,25
Davinson Sánchez,Zagueiro,Colombia,Galatasaray,27
Abdülkerim Bardakcı,Zagueiro,Turkey,Galatasaray,29
Kaan Ayhan,Zagueiro,Turkey,Galatasaray,28
Ali Yeşilyurt,Zagueiro,Turkey,Galatasaray,18
Angeliño,Lateral esquerdo,Spain,Galatasaray,26
Kazımcan Karataş,Lateral esquerdo,Turkey,Galatasaray,20
Sacha Boey,Lateral direito,France,Galatasaray,23
Ali Turap Bülbül,Lateral direito,Turkey,Galatasaray,18
Lucas Torreira,Volante,Uruguay,Galatasaray,27
Eyüp Aydın,Volante,Germany,Galatasaray,19
Efe Akman,Volante,Turkey,Galatasaray,17
Tanguy Ndombélé,Meia,France,Galatasaray,26
Kerem Demirbay,Meia,Germany,Galatasaray,30
Sérgio Oliveira,Meia,Portugal,Galatasaray,31
Hamza Akman,Meia,Turkey,Galatasaray,19
Hakim Ziyech,Meia atacante,Morocco,Galatasaray,30
Wilfried Zaha,Meia esquerdo,Cote d'Ivoire,Galatasaray,30
Kerem Aktürkoğlu,Meia esquerdo,Turkey,Galatasaray,24
Tetê,Meia direito,Brazil,Galatasaray,23
Barış Alper Yılmaz,Meia direito,Turkey,Galatasaray,23
Dries Mertens,Second Striker,Belgium,Galatasaray,36
Mauro Icardi,Centroavante,Argentina,Galatasaray,30
Cédric Bakambu,Centroavante,DR Congo,Galatasaray,32
Halil Dervişoğlu,Centroavante,Turkey,Galatasaray,23
Baran Demiroğlu,Centroavante,Turkey,Galatasaray,18
Dominik Livakovic,Goleiro,Croatia,Fenerbahce,28
İrfan Can Eğribayat,Goleiro,Turkey,Fenerbahce,25
Furkan Akyüz,Goleiro,Turkey,Fenerbahce,18
Rodrigo Becão,Zagueiro,Brazil,Fenerbahce,27
Alexander Djiku,Zagueiro,Ghana,Fenerbahce,29
Luan Peres,Zagueiro,Brazil,Fenerbahce,29
Samet Akaydin,Zagueiro,Turkey,Fenerbahce,29
Serdar Aziz,Zagueiro,Turkey,Fenerbahce,32
Ferdi Kadıoğlu,Lateral esquerdo,Turkey,Fenerbahce,24
Jayden Oosterwolde,Lateral esquerdo,Netherlands,Fenerbahce,22
Bright Osayi-Samuel,Lateral direito,Nigeria,Fenerbahce,25
Mert Müldür,Lateral direito,Turkey,Fenerbahce,24
İsmail Yüksek,Volante,Turkey,Fenerbahce,24
Bartuğ Elmaz,Volante,Turkey,Fenerbahce,20
Fred,Meia,Brazil,Fenerbahce,30
Miguel Crespo,Meia,Portugal,Fenerbahce,27
Miha Zajc,Meia,Slovenia,Fenerbahce,29
Mert Hakan Yandaş,Meia,Turkey,Fenerbahce,29
Sebastian Szymanski,Meia atacante,Poland,Fenerbahce,24
Lincoln,Meia atacante,Brazil,Fenerbahce,24
Ryan Kent,Meia esquerdo,England,Fenerbahce,26
Dusan Tadic,Meia esquerdo,Serbia,Fenerbahce,34
Cengiz Ünder,Meia direito,Turkey,Fenerbahce,26
İrfan Can Kahveci,Meia direito,Turkey,Fenerbahce,28
Emre Mor,Meia direito,Turkey,Fenerbahce,26
Michy Batshuayi,Centroavante,Belgium,Fenerbahce,30
Joshua King,Centroavante,Norway,Fenerbahce,31
Edin Dzeko,Centroavante,Bosnia-Herzegovina,Fenerbahce,37
Umut Nayir,Centroavante,Turkey,Fenerbahce,30
Bono,Goleiro,Morocco,Al-Hilal SFC,32
Mohammed Al-Owais,Goleiro,Saudi Arabia,Al-Hilal SFC,32
Habib Al-Wutaian,Goleiro,Saudi Arabia,Al-Hilal SFC,27
Ahmad Abu Rasen,Goleiro,Saudi Arabia,Al-Hilal SFC,19
Kalidou Koulibaly,Zagueiro,Senegal,Al-Hilal SFC,32
Hassan Tambakti,Zagueiro,Saudi Arabia,Al-Hilal SFC,24
Ali Al-Bulayhi,Zagueiro,Saudi Arabia,Al-Hilal SFC,33
Khalifah Al-Dawsari,Zagueiro,Saudi Arabia,Al-Hilal SFC,24
Muteb Al-Mufarrij,Zagueiro,Saudi Arabia,Al-Hilal SFC,27
Mohammed Jahfali,Zagueiro,Saudi Arabia,Al-Hilal SFC,32
Yasser Al-Shahrani,Lateral esquerdo,Saudi Arabia,Al-Hilal SFC,31
Nasser Al-Dawsari,Lateral esquerdo,Saudi Arabia,Al-Hilal SFC,24
Saud Abdulhamid,Lateral direito,Saudi Arabia,Al-Hilal SFC,24
Mohammed Al-Burayk,Lateral direito,Saudi Arabia,Al-Hilal SFC,31
Rúben Neves,Volante,Portugal,Al-Hilal SFC,26
Abdulelah Al-Malki,Volante,Saudi Arabia,Al-Hilal SFC,29
Sergej Milinkovic-Savic,Meia,Serbia,Al-Hilal SFC,28
Mohamed Kanno,Meia,Saudi Arabia,Al-Hilal SFC,29
Salman Al-Faraj,Meia,Saudi Arabia,Al-Hilal SFC,34
Musab Al-Juwayr,Meia,Saudi Arabia,Al-Hilal SFC,20
Neymar,Meia esquerdo,Brazil,Al-Hilal SFC,31
Michael,Meia esquerdo,Brazil,Al-Hilal SFC,27
Salem Al-Dawsari,Meia esquerdo,Saudi Arabia,Al-Hilal SFC,32
Mohammed Al-Qahtani,Meia esquerdo,Saudi Arabia,Al-Hilal SFC,21
Malcom,Meia direito,Brazil,Al-Hilal SFC,26
Aleksandar Mitrovic,Centroavante,Serbia,Al-Hilal SFC,29
Saleh Al-Shehri,Centroavante,Saudi Arabia,Al-Hilal SFC,29
Abdullah Al-Hamdan,Centroavante,Saudi Arabia,Al-Hilal SFC,24
Edouard Mendy,Goleiro,Senegal,Al-Ahli SFC,31
Mohammed Al-Rubaie,Goleiro,Saudi Arabia,Al-Ahli SFC,26
Abdulrahman Al-Sanbi,Goleiro,Saudi Arabia,Al-Ahli SFC,22
Abdullah Abdo,Goleiro,Saudi Arabia,Al-Ahli SFC,21
Roger Ibañez,Zagueiro,Brazil,Al-Ahli SFC,24
Merih Demiral,Zagueiro,Turkey,Al-Ahli SFC,25
Abdulbasit Hindi,Zagueiro,Saudi Arabia,Al-Ahli SFC,26
Fahd Al-Hamad,Zagueiro,Saudi Arabia,Al-Ahli SFC,25
Ezgjan Alioski,Lateral esquerdo,North Macedonia,Al-Ahli SFC,31
Abdullah Al-Ammar,Lateral esquerdo,Saudi Arabia,Al-Ahli SFC,29
Ibrahim Al-Zubaidi,Lateral esquerdo,Saudi Arabia,Al-Ahli SFC,34
Saad Balobaid,Lateral esquerdo,Saudi Arabia,Al-Ahli SFC,23
Ahmed Al-Nakhli,Lateral esquerdo,Saudi Arabia,Al-Ahli SFC,21
Ali Majrashi,Lateral direito,Saudi Arabia,Al-Ahli SFC,24
Bassam Al-Hurayji,Lateral direito,Saudi Arabia,Al-Ahli SFC,23
Rayan Hamed,Lateral direito,Saudi Arabia,Al-Ahli SFC,21
Ali Al-Asmari,Volante,Saudi Arabia,Al-Ahli SFC,26
Ziyad Mubarak Al-Johani,Volante,Saudi Arabia,Al-Ahli SFC,21
Abdullah Otayf,Volante,Saudi Arabia,Al-Ahli SFC,31
Abdulkarim Darisi,Midfield,Saudi Arabia,Al-Ahli SFC,20
Ayman Fallatah,Midfield,Saudi Arabia,Al-Ahli SFC,20
Gabri Veiga,Meia,Spain,Al-Ahli SFC,21
Franck Kessié,Meia,Cote d'Ivoire,Al-Ahli SFC,26
Mohammed Al-Majhad,Meia,Saudi Arabia,Al-Ahli SFC,25
Allan Saint-Maximin,Meia esquerdo,France,Al-Ahli SFC,26
Sumaihan Al-Nabit,Meia esquerdo,Saudi Arabia,Al-Ahli SFC,27
Riyad Mahrez,Meia direito,Algeria,Al-Ahli SFC,32
Haitham Asiri,Meia direito,Saudi Arabia,Al-Ahli SFC,22
Fahad Al-Rashidi,Meia direito,Saudi Arabia,Al-Ahli SFC,26
Roberto Firmino,Centroavante,Brazil,Al-Ahli SFC,32
Firas Al-Buraikan,Centroavante,Saudi Arabia,Al-Ahli SFC,23
David Ospina,Goleiro,Colombia,Al-Nassr FC,35
Nawaf Al-Aqidi,Goleiro,Saudi Arabia,Al-Nassr FC,23
Raghed Al-Najjar,Goleiro,Saudi Arabia,Al-Nassr FC,27
Waleed Abdullah,Goleiro,Saudi Arabia,Al-Nassr FC,37
Aymeric Laporte,Zagueiro,Spain,Al-Nassr FC,29
Abdulelah Al-Amri,Zagueiro,Saudi Arabia,Al-Nassr FC,26
Abdullah Madu,Zagueiro,Saudi Arabia,Al-Nassr FC,30
Ali Lajami,Zagueiro,Saudi Arabia,Al-Nassr FC,27
Mohammed Al-Fatil,Zagueiro,Saudi Arabia,Al-Nassr FC,31
Alex Telles,Lateral esquerdo,Brazil,Al-Nassr FC,30
Mohammed Qasem,Lateral esquerdo,Saudi Arabia,Al-Nassr FC,28
Sultan Al-Ghannam,Lateral direito,Saudi Arabia,Al-Nassr FC,29
Nawaf Al-Boushal,Lateral direito,Saudi Arabia,Al-Nassr FC,24
Marcelo Brozovic,Volante,Croatia,Al-Nassr FC,30
Abdullah Al-Khaibari,Volante,Saudi Arabia,Al-Nassr FC,27
Ali Al-Hassan,Volante,Saudi Arabia,Al-Nassr FC,26
Seko Fofana,Meia,Cote d'Ivoire,Al-Nassr FC,28
Abdulmajeed Al-Sulaiheem,Meia,Saudi Arabia,Al-Nassr FC,29
Talisca,Meia atacante,Brazil,Al-Nassr FC,29
Sami Al-Najei,Meia atacante,Saudi Arabia,Al-Nassr FC,26
Sadio Mané,Meia esquerdo,Senegal,Al-Nassr FC,31
Abdulrahman Ghareeb,Meia esquerdo,Saudi Arabia,Al-Nassr FC,26
Khalid Al-Ghannam,Meia esquerdo,Saudi Arabia,Al-Nassr FC,22
Abdulaziz Al-Aliwa,Meia esquerdo,Saudi Arabia,Al-Nassr FC,19
Otávio,Meia direito,Portugal,Al-Nassr FC,28
Ayman Yahya,Meia direito,Saudi Arabia,Al-Nassr FC,22
Cristiano Ronaldo,Centroavante,Portugal,Al-Nassr FC,38
Mohammed Maran,Centroavante,Saudi Arabia,Al-Nassr FC,22
Meshari Al-Nemer,Centroavante,Saudi Arabia,Al-Nassr FC,20
Shusaku Nishikawa,Goleiro,Japan,Urawa Red Diamonds,36
Ayumi Niekawa,Goleiro,Japan,Urawa Red Diamonds,28
Alexander Scholz,Zagueiro,Denmark,Urawa Red Diamonds,30
Takuya Iwanami,Zagueiro,Japan,Urawa Red Diamonds,28
Marius Höibraten,Zagueiro,Norway,Urawa Red Diamonds,27
Tetsuya Chinen,Zagueiro,Japan,Urawa Red Diamonds,25
Takuya Ogiwara,Lateral esquerdo,Japan,Urawa Red Diamonds,23
Ayumu Ohata,Lateral esquerdo,Japan,Urawa Red Diamonds,21
Hiroki Sakai,Lateral direito,Japan,Urawa Red Diamonds,32
Kazuaki Mawatari,Lateral direito,Japan,Urawa Red Diamonds,31
Kai Shibato,Volante,Japan,Urawa Red Diamonds,27
Atsuki Ito,Volante,Japan,Urawa Red Diamonds,24
Yuichi Hirano,Volante,Japan,Urawa Red Diamonds,26
Yuta Miyamoto,Volante,Japan,Urawa Red Diamonds,23
Yota Horiuchi,Midfield,Japan,Urawa Red Diamonds,18
Ken Iwao,Meia,Japan,Urawa Red Diamonds,34
Takahiro Akimoto,Left Midfield,Japan,Urawa Red Diamonds,24
Takahiro Sekine,Left Midfield,Japan,Urawa Red Diamonds,27
Shoya Nakajima,Meia atacante,Japan,Urawa Red Diamonds,28
Yoshio Koizumi,Meia atacante,Japan,Urawa Red Diamonds,26
Ekanit Panya,Meia atacante,Thailand,Urawa Red Diamonds,23
Kaito Yasui,Meia atacante,Japan,Urawa Red Diamonds,22
Jumpei Hayakawa,Meia esquerdo,Japan,Urawa Red Diamonds,17
Tomoaki Okubo,Meia direito,Japan,Urawa Red Diamonds,24
Bryan Linssen,Centroavante,Netherlands,Urawa Red Diamonds,32
José Kanté,Centroavante,Guinea,Urawa Red Diamonds,32
Alex Schalk,Centroavante,Netherlands,Urawa Red Diamonds,30
Toshiki Takahashi,Centroavante,Japan,Urawa Red Diamonds,24
Shinzo Koroki,Centroavante,Japan,Urawa Red Diamonds,36
Phelipe,Goleiro,Brazil,Vissel Kobe,24
Daiya Maekawa,Goleiro,Japan,Vissel Kobe,29
Yuya Tsuboi,Goleiro,Japan,Vissel Kobe,24
Ryotaro Hironaga,Goleiro,Japan,Vissel Kobe,33
Taiga Kameda,Goleiro,Japan,Vissel Kobe,16
Thuler,Zagueiro,Brazil,Vissel Kobe,24
Ryuho Kikuchi,Zagueiro,Japan,Vissel Kobe,26
Leo Osaki,Zagueiro,Japan,Vissel Kobe,32
Yuki Honda,Zagueiro,Japan,Vissel Kobe,32
Shohei Takahashi,Zagueiro,Japan,Vissel Kobe,31
Yusei Ozaki,Zagueiro,Japan,Vissel Kobe,20
Kaito Yamada,Zagueiro,Japan,Vissel Kobe,17
Gotoku Sakai,Lateral esquerdo,Japan,Vissel Kobe,32
Ryo Hatsuse,Lateral esquerdo,Japan,Vissel Kobe,26
Takuma Eguchi,Lateral esquerdo,Japan,Vissel Kobe,16
Nanasei Iino,Lateral direito,Japan,Vissel Kobe,27
Tetsushi Yamakawa,Lateral direito,Japan,Vissel Kobe,26
Justin Homma,Lateral direito,Japan,Vissel Kobe,18
Hotaru Yamaguchi,Volante,Japan,Vissel Kobe,33
Mitsuki Saito,Volante,Japan,Vissel Kobe,24
Takahiro Ogihara,Volante,Japan,Vissel Kobe,32
Shuto Adachi,Midfield,Japan,Vissel Kobe,19
Juzo Ura,Midfield,Japan,Vissel Kobe,19
Bálint Vécsei,Meia,Hungary,Vissel Kobe,30
Mitsuki Hidaka,Meia,Japan,Vissel Kobe,20
Juan Mata,Meia atacante,Spain,Vissel Kobe,35
Daiju Sasaki,Meia atacante,Japan,Vissel Kobe,24
Haruya Ide,Meia atacante,Japan,Vissel Kobe,29
Yuya Nakasaka,Meia atacante,Japan,Vissel Kobe,26
Koya Yuruki,Meia esquerdo,Japan,Vissel Kobe,28
Jean Patric,Meia esquerdo,Brazil,Vissel Kobe,26
Mizuki Arai,Meia esquerdo,Japan,Vissel Kobe,26
Shuhei Kawasaki,Second Striker,Japan,Vissel Kobe,22
Yoshinori Muto,Centroavante,Japan,Vissel Kobe,31
Lincoln,Centroavante,Brazil,Vissel Kobe,22
Yuya Osako,Centroavante,Japan,Vissel Kobe,33
Junling Yan,Goleiro,China,Shanghai Port,31
Wei Chen,Goleiro,China,Shanghai Port,24
Tyias Browning,Zagueiro,China,Shanghai Port,28
Ang Li,Zagueiro,China,Shanghai Port,29
Zhen Wei,Zagueiro,China,Shanghai Port,25
Shenchao Wang,Lateral esquerdo,China,Shanghai Port,33
Shuai Li,Lateral esquerdo,China,Shanghai Port,27
Hai Yu,Lateral esquerdo,China,Shanghai Port,35
Linpeng Zhang,Lateral direito,China,Shanghai Port,33
Shenyuan Li,Lateral direito,China,Shanghai Port,25
Murahmetjan Muzepper,Volante,China,Shanghai Port,31
Shiyuan Yang,Volante,China,Shanghai Port,28
Huikang Cai,Volante,China,Shanghai Port,33
Xin Xu,Meia,China,Shanghai Port,28
Oscar,Meia atacante,Brazil,Shanghai Port,31
Matías Vargas,Meia esquerdo,Argentina,Shanghai Port,25
Wenjun Lü,Meia esquerdo,China,Shanghai Port,33
Xiaolong Liu,Meia esquerdo,China,Shanghai Port,19
Lei Wu,Meia direito,China,Shanghai Port,31
Issa Kallon,Meia direito,Sierra Leone,Shanghai Port,26
Lucas João,Centroavante,Angola,Shanghai Port,29
Markus Pink,Centroavante,Austria,Shanghai Port,31
Shenglong Li,Centroavante,China,Shanghai Port,30
Zhen Ma,Goleiro,China,Shanghai Shenhua,25
Yaxiong Bao,Goleiro,China,Shanghai Shenhua,26
Zhengkai Zhou,Goleiro,China,Shanghai Shenhua,22
Haoran Liu,Goleiro,China,Shanghai Shenhua,18
Hang Yu,Defence,China,Shanghai Shenhua,21
Junqiang Wang,Defence,China,Shanghai Shenhua,20
Bizhen He,Defence,China,Shanghai Shenhua,20
Longxiao Wang,Defence,China,Shanghai Shenhua,20
Shenglong Jiang,Zagueiro,China,Shanghai Shenhua,22
Chenjie Zhu,Zagueiro,China,Shanghai Shenhua,23
Yangyang Jin,Zagueiro,China,Shanghai Shenhua,30
Shunkai Jin,Zagueiro,China,Shanghai Shenhua,22
Jiabao Wen,Lateral esquerdo,China,Shanghai Shenhua,24
Aidi Fulangxisi,Lateral esquerdo,China,Shanghai Shenhua,32
Macario Hing-Glover,Lateral direito,United States,Shanghai Shenhua,28
Lin Cui,Lateral direito,China,Shanghai Shenhua,25
Yougang Xu,Lateral direito,China,Shanghai Shenhua,27
Zexiang Yang,Lateral direito,China,Shanghai Shenhua,28
Yue Zhu,Lateral direito,China,Shanghai Shenhua,22
Ibrahim Amadou,Volante,France,Shanghai Shenhua,30
Wai-Tsun Dai,Volante,China,Shanghai Shenhua,24
Haoyang Xu,Meia,China,Shanghai Shenhua,24
Xi Wu,Meia,China,Shanghai Shenhua,34
Longhai He,Right Midfield,China,Shanghai Shenhua,22
Yunding Cao,Left Midfield,China,Shanghai Shenhua,33
João Carlos Teixeira,Meia atacante,Portugal,Shanghai Shenhua,30
Haijian Wang,Meia atacante,China,Shanghai Shenhua,23
Junchen Zhou,Meia esquerdo,China,Shanghai Shenhua,23
Hanchao Yu,Meia esquerdo,China,Shanghai Shenhua,36
Christian Bassogog,Meia direito,Cameroon,Shanghai Shenhua,28
Ruofan Liu,Meia direito,China,Shanghai Shenhua,24
Cephas Malele,Centroavante,Switzerland,Shanghai Shenhua,29
Wei Zhang,Centroavante,China,Shanghai Shenhua,23
Ernanduo Fei,Attack,China,Shanghai Shenhua,22
Agustín Rossi,Goleiro,Argentina,CR Flamengo,28
Matheus Cunha,Goleiro,Brazil,CR Flamengo,22
Santos,Goleiro,Brazil,CR Flamengo,33
Léo Pereira,Zagueiro,Brazil,CR Flamengo,27
Fabrício Bruno,Zagueiro,Brazil,CR Flamengo,27
Pablo,Zagueiro,Brazil,CR Flamengo,32
Gabriel Noga,Zagueiro,Brazil,CR Flamengo,21
Rodrigo Caio,Zagueiro,Brazil,CR Flamengo,30
David Luiz,Zagueiro,Brazil,CR Flamengo,36
Cleiton,Zagueiro,Brazil,CR Flamengo,20
Ayrton Lucas,Lateral esquerdo,Brazil,CR Flamengo,26
Filipe Luís,Lateral esquerdo,Brazil,CR Flamengo,38
Matheuzinho,Lateral direito,Brazil,CR Flamengo,23
Wesley,Lateral direito,Brazil,CR Flamengo,20
Guillermo Varela,Lateral direito,Uruguay,CR Flamengo,30
Allan,Volante,Brazil,CR Flamengo,26
Erick Pulgar,Volante,Chile,CR Flamengo,29
Thiago Maia,Volante,Brazil,CR Flamengo,26
Igor Jesus,Volante,Brazil,CR Flamengo,20
Gerson,Meia,Brazil,CR Flamengo,26
Victor Hugo,Meia,Brazil,CR Flamengo,19
Giorgian de Arrascaeta,Meia atacante,Uruguay,CR Flamengo,29
Éverton Ribeiro,Meia atacante,Brazil,CR Flamengo,34
Lorran,Meia atacante,Brazil,CR Flamengo,17
Everton,Meia esquerdo,Brazil,CR Flamengo,27
Bruno Henrique,Meia esquerdo,Brazil,CR Flamengo,32
Luiz Araújo,Meia direito,Brazil,CR Flamengo,27
Pedro,Centroavante,Brazil,CR Flamengo,26
Gabriel Barbosa,Centroavante,Brazil,CR Flamengo,27
Weverton,Goleiro,Brazil,Sociedade Esportiva Palmeiras,35
Kaique,Goleiro,Brazil,Sociedade Esportiva Palmeiras,20
Marcelo Lomba,Goleiro,Brazil,Sociedade Esportiva Palmeiras,36
Mateus,Goleiro,Brazil,Sociedade Esportiva Palmeiras,21
Gustavo Gómez,Zagueiro,Paraguay,Sociedade Esportiva Palmeiras,30
Murilo,Zagueiro,Brazil,Sociedade Esportiva Palmeiras,26
Luan,Zagueiro,Brazil,Sociedade Esportiva Palmeiras,30
Naves,Zagueiro,Brazil,Sociedade Esportiva Palmeiras,21
Michel,Zagueiro,Brazil,Sociedade Esportiva Palmeiras,20
Joaquín Piquerez,Lateral esquerdo,Uruguay,Sociedade Esportiva Palmeiras,25
Vanderlan,Lateral esquerdo,Brazil,Sociedade Esportiva Palmeiras,21
Mayke,Lateral direito,Brazil,Sociedade Esportiva Palmeiras,30
Garcia,Lateral direito,Brazil,Sociedade Esportiva Palmeiras,21
Marcos Rocha,Lateral direito,Brazil,Sociedade Esportiva Palmeiras,34
Fabinho,Volante,Brazil,Sociedade Esportiva Palmeiras,21
Jailson,Volante,Brazil,Sociedade Esportiva Palmeiras,28
Gabriel Menino,Meia,Brazil,Sociedade Esportiva Palmeiras,23
Zé Rafael,Meia,Brazil,Sociedade Esportiva Palmeiras,30
Richard Ríos,Meia,Colombia,Sociedade Esportiva Palmeiras,23
Eduard Atuesta,Meia,Colombia,Sociedade Esportiva Palmeiras,26
Raphael Veiga,Meia atacante,Brazil,Sociedade Esportiva Palmeiras,28
Luis Guilherme,Meia atacante,Brazil,Sociedade Esportiva Palmeiras,17
Jhon Jhon,Meia atacante,Brazil,Sociedade Esportiva Palmeiras,21
Dudu,Meia esquerdo,Brazil,Sociedade Esportiva Palmeiras,31
Breno Lopes,Meia esquerdo,Brazil,Sociedade Esportiva Palmeiras,27
Kevin,Meia esquerdo,Brazil,Sociedade Esportiva Palmeiras,20
Artur,Meia direito,Brazil,Sociedade Esportiva Palmeiras,25
Endrick,Centroavante,Brazil,Sociedade Esportiva Palmeiras,17
Rony,Centroavante,Brazil,Sociedade Esportiva Palmeiras,28
José Manuel López,Centroavante,Argentina,Sociedade Esportiva Palmeiras,22
Daniel Silva,Centroavante,Brazil,Sociedade Esportiva Palmeiras,19
Jandrei,Goleiro,Brazil,São Paulo Futebol Clube,30
Rafael,Goleiro,Brazil,São Paulo Futebol Clube,34
Felipe Alves,Goleiro,Brazil,São Paulo Futebol Clube,35
Young,Goleiro,Brazil,São Paulo Futebol Clube,21
Lucas Beraldo,Zagueiro,Brazil,São Paulo Futebol Clube,19
Diego Costa,Zagueiro,Brazil,São Paulo Futebol Clube,24
Alan Franco,Zagueiro,Argentina,São Paulo Futebol Clube,27
Nahuel Ferraresi,Zagueiro,Venezuela,São Paulo Futebol Clube,24
Robert Arboleda,Zagueiro,Ecuador,São Paulo Futebol Clube,31
Walce,Zagueiro,Brazil,São Paulo Futebol Clube,24
Matheus Belém,Zagueiro,Brazil,São Paulo Futebol Clube,20
Welington,Lateral esquerdo,Brazil,São Paulo Futebol Clube,22
Caio Paulista,Lateral esquerdo,Brazil,São Paulo Futebol Clube,25
Patryck,Lateral esquerdo,Brazil,São Paulo Futebol Clube,20
Igor Vinícius,Lateral direito,Brazil,São Paulo Futebol Clube,26
João Moreira,Lateral direito,Brazil,São Paulo Futebol Clube,19
Nathan Mendes,Lateral direito,Brazil,São Paulo Futebol Clube,21
Raí Ramos,Lateral direito,Brazil,São Paulo Futebol Clube,29
Rafinha,Lateral direito,Brazil,São Paulo Futebol Clube,38
Pablo Maia,Volante,Brazil,São Paulo Futebol Clube,21
Luan,Volante,Brazil,São Paulo Futebol Clube,24
Gabriel Neves,Volante,Uruguay,São Paulo Futebol Clube,26
Jhegson Méndez,Volante,Ecuador,São Paulo Futebol Clube,26
Rodrigo Nestor,Meia,Brazil,São Paulo Futebol Clube,23
Rodriguinho,Meia,Brazil,São Paulo Futebol Clube,19
Talles Costa,Meia,Brazil,São Paulo Futebol Clube,21
Alisson,Meia,Brazil,São Paulo Futebol Clube,30
Pedro Vilhena,Meia,Brazil,São Paulo Futebol Clube,21
Giuliano Galoppo,Meia atacante,Argentina,São Paulo Futebol Clube,24
James Rodríguez,Meia atacante,Colombia,São Paulo Futebol Clube,32
Michel Araújo,Meia atacante,Uruguay,São Paulo Futebol Clube,27
Wellington Rato,Meia atacante,Brazil,São Paulo Futebol Clube,31
Marcos Paulo,Meia esquerdo,Portugal,São Paulo Futebol Clube,22
David,Meia esquerdo,Brazil,São Paulo Futebol Clube,28
Lucas Moura,Meia direito,Brazil,São Paulo Futebol Clube,31
Jonathan Calleri,Centroavante,Argentina,São Paulo Futebol Clube,30
Erison,Centroavante,Brazil,São Paulo Futebol Clube,24
Luciano,Centroavante,Brazil,São Paulo Futebol Clube,30
Juan,Centroavante,Brazil,São Paulo Futebol Clube,21
Alexandre Pato,Centroavante,Brazil,São Paulo Futebol Clube,34
Bento,Goleiro,Brazil,Club Athletico Paranaense,24
Mycael,Goleiro,Brazil,Club Athletico Paranaense,19
Léo Linck,Goleiro,Brazil,Club Athletico Paranaense,22
Gabriel Pereira,Goleiro,Brazil,Club Athletico Paranaense,21
Zé Ivaldo,Zagueiro,Brazil,Club Athletico Paranaense,26
Pedro Henrique,Zagueiro,Brazil,Club Athletico Paranaense,28
Matheus Felipe,Zagueiro,Brazil,Club Athletico Paranaense,24
Kaique Rocha,Zagueiro,Brazil,Club Athletico Paranaense,22
Thiago Heleno,Zagueiro,Brazil,Club Athletico Paranaense,35
Cacá,Zagueiro,Brazil,Club Athletico Paranaense,24
Lucas Esquivel,Lateral esquerdo,Argentina,Club Athletico Paranaense,22
Fernando,Lateral esquerdo,Brazil,Club Athletico Paranaense,24
Vinicius Kauê,Lateral esquerdo,Brazil,Club Athletico Paranaense,20
Bruno Peres,Lateral direito,Brazil,Club Athletico Paranaense,33
Madson,Lateral direito,Brazil,Club Athletico Paranaense,31
Erick,Volante,Brazil,Club Athletico Paranaense,25
Hugo Moura,Volante,Brazil,Club Athletico Paranaense,25
Fernandinho,Volante,Brazil,Club Athletico Paranaense,38
Christian,Meia,Brazil,Club Athletico Paranaense,22
Alex Santana,Meia,Brazil,Club Athletico Paranaense,28
Arturo Vidal,Meia,Chile,Club Athletico Paranaense,36
Bruno Zapelli,Meia atacante,Argentina,Club Athletico Paranaense,21
Vitor Bueno,Meia atacante,Brazil,Club Athletico Paranaense,29
Thiago Andrade,Meia esquerdo,Brazil,Club Athletico Paranaense,22
Tomás Cuello,Meia esquerdo,Argentina,Club Athletico Paranaense,23
Agustín Canobbio,Meia direito,Uruguay,Club Athletico Paranaense,25
Marcelo Cirino,Meia direito,Brazil,Club Athletico Paranaense,31
Emersonn,Meia direito,Brazil,Club Athletico Paranaense,19
Vitor Roque,Centroavante,Brazil,Club Athletico Paranaense,18
Rômulo,Centroavante,Brazil,Club Athletico Paranaense,21
Luciano Arriagada,Centroavante,Chile,Club Athletico Paranaense,21
Pablo,Centroavante,Brazil,Club Athletico Paranaense,31
Willian,Centroavante,Brazil,Club Athletico Paranaense,36
Matheus Donelli,Goleiro,Brazil,Sport Club Corinthians Paulista,21
Carlos Miguel,Goleiro,Brazil,Sport Club Corinthians Paulista,25
Cássio,Goleiro,Brazil,Sport Club Corinthians Paulista,36
Lucas Veríssimo,Zagueiro,Brazil,Sport Club Corinthians Paulista,28
Bruno Méndez,Zagueiro,Uruguay,Sport Club Corinthians Paulista,24
Caetano,Zagueiro,Brazil,Sport Club Corinthians Paulista,24
Gil,Zagueiro,Brazil,Sport Club Corinthians Paulista,36
Renato Santos,Zagueiro,Brazil,Sport Club Corinthians Paulista,19
Matheus Bidu,Lateral esquerdo,Brazil,Sport Club Corinthians Paulista,24
Fábio Santos,Lateral esquerdo,Brazil,Sport Club Corinthians Paulista,38
Fagner,Lateral direito,Brazil,Sport Club Corinthians Paulista,34
Rafael Ramos,Lateral direito,Portugal,Sport Club Corinthians Paulista,28
Fausto Vera,Volante,Argentina,Sport Club Corinthians Paulista,23
Roni,Volante,Brazil,Sport Club Corinthians Paulista,24
Gabriel Moscardo,Volante,Brazil,Sport Club Corinthians Paulista,18
Víctor Cantillo,Volante,Colombia,Sport Club Corinthians Paulista,30
Maycon,Meia,Brazil,Sport Club Corinthians Paulista,26
Matheus Araújo,Meia,Brazil,Sport Club Corinthians Paulista,21
Renato Augusto,Meia,Brazil,Sport Club Corinthians Paulista,35
Giuliano,Meia,Brazil,Sport Club Corinthians Paulista,33
Paulinho,Meia,Brazil,Sport Club Corinthians Paulista,35
Ruan Oliveira,Meia,Brazil,Sport Club Corinthians Paulista,23
Matías Rojas,Meia atacante,Paraguay,Sport Club Corinthians Paulista,27
Pedro,Meia esquerdo,Brazil,Sport Club Corinthians Paulista,17
Wesley,Meia esquerdo,Brazil,Sport Club Corinthians Paulista,18
Ángel Romero,Meia esquerdo,Paraguay,Sport Club Corinthians Paulista,31
Biro,Meia direito,Brazil,Sport Club Corinthians Paulista,19
Gustavo Mosquito,Meia direito,Brazil,Sport Club Corinthians Paulista,26
Yuri Alberto,Centroavante,Brazil,Sport Club Corinthians Paulista,22
Giovane,Centroavante,Brazil,Sport Club Corinthians Paulista,19
Felipe Augusto,Centroavante,Brazil,Sport Club Corinthians Paulista,19
Everson,Goleiro,Brazil,Clube Atlético Mineiro,33
Matheus Mendes,Goleiro,Brazil,Clube Atlético Mineiro,24
Gabriel Delfim,Goleiro,Brazil,Clube Atlético Mineiro,21
Igor Rabello,Zagueiro,Brazil,Clube Atlético Mineiro,28
Bruno Fuchs,Zagueiro,Brazil,Clube Atlético Mineiro,24
Jemerson,Zagueiro,Brazil,Clube Atlético Mineiro,31
Mauricio Lemos,Zagueiro,Uruguay,Clube Atlético Mineiro,27
Réver,Zagueiro,Brazil,Clube Atlético Mineiro,38
Guilherme Arana,Lateral esquerdo,Brazil,Clube Atlético Mineiro,26
Rubens,Lateral esquerdo,Brazil,Clube Atlético Mineiro,22
Renzo Saravia,Lateral direito,Argentina,Clube Atlético Mineiro,30
Mariano,Lateral direito,Brazil,Clube Atlético Mineiro,37
Otávio,Volante,Brazil,Clube Atlético Mineiro,29
Rodrigo Battaglia,Volante,Argentina,Clube Atlético Mineiro,32
Alan Franco,Meia,Ecuador,Clube Atlético Mineiro,25
Patrick,Meia,Brazil,Clube Atlético Mineiro,31
Edenilson,Meia,Brazil,Clube Atlético Mineiro,33
Matías Zaracho,Meia atacante,Argentina,Clube Atlético Mineiro,25
Igor Gomes,Meia atacante,Brazil,Clube Atlético Mineiro,24
Hyoran,Meia atacante,Brazil,Clube Atlético Mineiro,30
Paulinho,Meia esquerdo,Brazil,Clube Atlético Mineiro,23
Cristian Pavón,Meia esquerdo,Argentina,Clube Atlético Mineiro,27
Pedrinho,Meia direito,Brazil,Clube Atlético Mineiro,25
Hulk,Centroavante,Brazil,Clube Atlético Mineiro,37
Eduardo Vargas,Centroavante,Chile,Clube Atlético Mineiro,33
Alan Kardec,Centroavante,Brazil,Clube Atlético Mineiro,34
Isaac,Centroavante,Brazil,Clube Atlético Mineiro,19
Cadu,Centroavante,Brazil,Clube Atlético Mineiro,19
Pedro Rangel,Goleiro,Brazil,Fluminense Football Club,23
Fábio,Goleiro,Brazil,Fluminense Football Club,43
Vitor Eudes,Goleiro,Brazil,Fluminense Football Club,24
Nino,Zagueiro,Brazil,Fluminense Football Club,26
Marlon,Zagueiro,Brazil,Fluminense Football Club,28
Vitor Mendes,Zagueiro,Brazil,Fluminense Football Club,24
Manoel,Zagueiro,Brazil,Fluminense Football Club,33
Felipe Melo,Zagueiro,Brazil,Fluminense Football Club,40
David Braz,Zagueiro,Brazil,Fluminense Football Club,36
Marcelo,Lateral esquerdo,Brazil,Fluminense Football Club,35
Jorge,Lateral esquerdo,Brazil,Fluminense Football Club,27
Diogo Barbosa,Lateral esquerdo,Brazil,Fluminense Football Club,31
Guga,Lateral direito,Brazil,Fluminense Football Club,25
Samuel Xavier,Lateral direito,Brazil,Fluminense Football Club,33
André,Volante,Brazil,Fluminense Football Club,22
Alexsander,Volante,Brazil,Fluminense Football Club,20
Caio Vinicius,Volante,Brazil,Fluminense Football Club,24
Thiago Santos,Volante,Brazil,Fluminense Football Club,34
Martinelli,Meia,Brazil,Fluminense Football Club,22
Daniel,Meia,Brazil,Fluminense Football Club,27
Jhon Arias,Left Midfield,Colombia,Fluminense Football Club,26
Leonardo Fernández,Meia atacante,Uruguay,Fluminense Football Club,24
Lima,Meia atacante,Brazil,Fluminense Football Club,27
Ganso,Meia atacante,Brazil,Fluminense Football Club,34
Keno,Meia esquerdo,Brazil,Fluminense Football Club,34
Giovanni,Meia direito,Brazil,Fluminense Football Club,21
Yony González,Meia direito,Colombia,Fluminense Football Club,29
John Kennedy,Centroavante,Brazil,Fluminense Football Club,21
Germán Cano,Centroavante,Argentina,Fluminense Football Club,35
Lelê,Centroavante,Brazil,Fluminense Football Club,26
Kauã Elias,Centroavante,Brazil,Fluminense Football Club,17
